{"goals":[
  [
    null,
    null,
    {"position": 845, "word": "Schweizer"},
    {"position": 945, "word": "Literaturpreise"},
    {"position": 882, "word": "2018"},
    {"position": 778, "word": "Prix&nbsp;suisses"},
    {"position": 710, "word": "de&nbsp;littérature"},
    {"position": 772, "word": "2018"},
    {"position": 836, "word": "Premi&nbsp;svizzeri"},
    {"position": 964, "word": "di&nbsp;letteratura"},
    {"position": 908, "word": "2018"},
    {"position": 816, "word": "Premis&nbsp;svizzers"},
    {"position": 708, "word": "da&nbsp;litteratura"},
    {"position": 772, "word": "2018"},
    null,
    null
  ],
  [
    null,
    null,
    null,
    null,
    null,
    null,
    {"position": 820, "word": "Fabiano&nbsp;"},
    {"position": 864, "word": "Alborghetti&nbsp;"},
    {"position": 1074, "word": "Maiser&nbsp;"},
    null,
    null,
    null,
    null,
    null,
    null,
    null
  ],
  [
    null,
    null,
    null,
    null,
    null,
    null,
    {"position": 868, "word": "Dumenic&nbsp;"},
    {"position": 1010, "word": "Andry&nbsp;"},
    {"position": 939, "word": "Sablun&nbsp;"},
    null,
    null,
    null,
    null,
    null,
    null,
    null
  ],
  [
    null,
    null,
    null,
    null,
    null,
    null,
    {"position": 942, "word": "Michael&nbsp;"},
    {"position": 978, "word": "Fehr&nbsp;"},
    {"position": 821, "word": "Glanz&nbsp;und&nbsp;"},
    {"position": 978, "word": "Schatten&nbsp;"},
    null,
    null,
    null,
    null,
    null,
    null
  ],
  [
    null,
    null,
    null,
    null,
    null,
    null,
    {"position": 916, "word": "Baptiste&nbsp;"},
    {"position": 839, "word": "Gaillard&nbsp;"},
    {"position": 806, "word": "Un&nbsp;domaine&nbsp;"},
    {"position": 816, "word": "des&nbsp;corpuscules&nbsp;"},
    null,
    null,
    null,
    null,
    null,
    null
  ],
  [
    null,
    null,
    null,
    null,
    null,
    null,
    {"position": 923, "word": "Yael&nbsp;"},
    {"position": 848, "word": "Inokai&nbsp;"},
    {"position": 917, "word": "Mahlstrom&nbsp;"},
    null,
    null,
    null,
    null,
    null,
    null,
    null
  ],
  [
    null,
    null,
    null,
    null,
    null,
    null,
    {"position": 802, "word": "Friederike&nbsp;"},
    {"position": 952, "word": "Kretzen&nbsp;"},
    {"position": 805, "word": "Schule&nbsp;der&nbsp;"},
    {"position": 942, "word": "Indienfahrer&nbsp;"},
    null,
    null,
    null,
    null,
    null,
    null
  ],
  [
    null,
    null,
    null,
    null,
    null,
    null,
    {"position": 789, "word": "Jérôme&nbsp;"},
    {"position": 928, "word": "Meizoz&nbsp;"},
    {"position": 858, "word": "Faire&nbsp;"},
    {"position": 943, "word": "le&nbsp;garçon&nbsp;"},
    null,
    null,
    null,
    null,
    null,
    null
  ],
  [
    null,
    null,
    null,
    null,
    null,
    null,
    {"position": 990, "word": "Yla&nbsp;Margrit"},
    {"position": 894, "word": "von&nbsp;Dach"},
    null,
    null,
    null,
    null,
    null,
    null,
    null,
    null
  ],
  [
    null,
    null,
    null,
    null,
    null,
    null,
    {"position": 938, "word":"Anna&nbsp;" },
    {"position": 1024, "word": "Felder&nbsp;"},
    null,
    null,
    null,
    null,
    null,
    null,
    null,
    null
  ]
],
"images":[
  [],
  ["01_Fabiano-Alborghetti_01.jpg","01_Fabiano-Alborghetti_02.jpg","01_Fabiano-Alborghetti_03.jpg","01_Fabiano-Alborghetti_04.jpg"],
  ["02_Dumenic-Andry_01.jpg","02_Dumenic-Andry_02.jpg","02_Dumenic-Andry_03.jpg","02_Dumenic-Andry_04.jpg"],
  ["03_Michael-Fehr_01.jpg","03_Michael-Fehr_02.jpg","03_Michael-Fehr_03.jpg","03_Michael-Fehr_04.jpg"],
  ["04_Baptiste-Gaillard_01.jpg","04_Baptiste-Gaillard_02.jpg","04_Baptiste-Gaillard_03.jpg","04_Baptiste-Gaillard_04.jpg"],
  ["05_Yael-Inokai_01.jpg","05_Yael-Inokai_02.jpg","05_Yael-Inokai_03.jpg","05_Yael-Inokai_04.jpg"],
  ["06_Friederike-Kretzen_01.jpg","06_Friederike-Kretzen_02.jpg","06_Friederike-Kretzen_03.jpg","06_Friederike-Kretzen_04.jpg"],
  ["07_Jerome-Meizoz_01.jpg","07_Jerome-Meizoz_02.jpg","07_Jerome-Meizoz_03.jpg","07_Jerome-Meizoz_04.jpg"],
  ["08_PRIX-SPECIAL_Yla-Von-Dach_01.jpg","08_PRIX-SPECIAL_Yla-Von-Dach_02.jpg","08_PRIX-SPECIAL_Yla-Von-Dach_03.jpg","08_PRIX-SPECIAL_Yla-Von-Dach_04.jpg"],
  ["09_GRAND-PRIX_Anna-Felder_01.jpg","09_GRAND-PRIX_Anna-Felder_02.jpg","09_GRAND-PRIX_Anna-Felder_03.jpg","09_GRAND-PRIX_Anna-Felder_04.jpg","09_GRAND-PRIX_Anna-Felder_05.jpg","09_GRAND-PRIX_Anna-Felder_06.jpg","09_GRAND-PRIX_Anna-Felder_07.jpg","09_GRAND-PRIX_Anna-Felder_08.jpg","09_GRAND-PRIX_Anna-Felder_09.jpg","09_GRAND-PRIX_Anna-Felder_10.jpg","09_GRAND-PRIX_Anna-Felder_11.jpg","09_GRAND-PRIX_Anna-Felder_12.jpg"],
  ["SPEECH_NAMES_01.jpg"],
  ["SPEECH_NAMES_02.jpg"],
  ["SPEECH_NAMES_03.jpg"],
  ["SPEECH_NAMES_04.jpg"],
  ["CREDITS_01.jpg","CREDITS_02.jpg","CREDITS_03.jpg","CREDITS_04.jpg","CREDITS_05.jpg","CREDITS_06.jpg"]
]
}
